5	4	3	32	33
81	6	7	83	34	2	80	82	1	79	31	30	55	35	56
109	111	8	84	9	85	36	113	57	0	78	108	110	112	29	77	54	107	69	53	68	74	37	58	70
135	137	139	10	86	114	11	87	38	115	59	140	71	28	76	106	159	136	138	27	75	52	105	67	73	51	66	72	39	60
158	160	162	141	12	88	116	13	89	117	40	142	61	163	63	26	104	134	157	174	161	25	103	133	50	65	49	64	62	41
156	173	175	164	143	14	90	118	15	91	119	144	42	165	44	176	46	24	102	132	155	172	179	23	101	131	48	47	45	43
154	171	178	177	166	145	16	92	120	17	93	121	146	167	19	21	22	100	130	153	170	99	129	20	18
152	169	168	147	94	122	95	123	148	97	98	128	151	127	96
150	149	124	125	126
11	10	9	37	38
87	12	13	89	39	8	86	88	7	85	36	35	58	40	59
115	117	14	90	15	91	41	119	60	6	84	114	116	118	5	83	34	113	57	33	56	70	42	61	71
140	142	144	16	92	120	17	93	43	121	62	145	72	4	82	112	139	141	143	3	81	32	111	55	74	31	69	73	44	63
138	163	165	146	18	94	122	19	95	123	45	147	64	166	66	2	80	110	137	162	164	1	79	109	30	68	54	67	65	46
136	161	176	167	148	20	96	124	21	97	125	149	47	168	49	177	51	0	78	108	135	160	175	29	77	107	53	52	50	48
159	174	179	178	169	150	22	98	126	23	99	127	151	170	25	27	28	76	106	158	173	75	105	26	24
157	172	171	152	100	128	101	129	153	103	104	134	156	133	102
155	154	130	131	132
17	16	15	42	43
93	18	19	95	44	14	92	94	13	91	41	40	61	45	62
121	123	20	96	21	97	46	125	63	12	90	120	122	124	11	89	39	119	60	38	59	71	47	64	72
145	147	149	22	98	126	23	99	48	127	65	150	73	10	88	118	144	146	148	9	87	37	117	58	70	36	57	74	49	66
143	166	168	151	24	100	128	25	101	129	50	152	67	169	69	8	86	116	142	165	167	7	85	115	35	56	34	55	68	51
141	164	177	170	153	26	102	130	27	103	131	154	52	171	54	178	31	6	84	114	140	163	176	5	83	113	33	32	30	53
139	162	175	179	172	155	28	104	132	29	75	133	156	173	1	3	4	82	112	138	161	81	111	2	0
137	160	174	157	76	134	77	105	158	79	80	110	136	109	78
135	159	106	107	108
23	22	21	47	48
99	24	25	101	49	20	98	100	19	97	46	45	64	50	65
127	129	26	102	27	103	51	131	66	18	96	126	128	130	17	95	44	125	63	43	62	72	52	67	73
150	152	154	28	104	132	29	75	53	133	68	155	74	16	94	124	149	151	153	15	93	42	123	61	71	41	60	70	54	69
148	169	171	156	0	76	134	1	77	105	30	157	55	172	57	14	92	122	147	168	170	13	91	121	40	59	39	58	56	31
146	167	178	173	158	2	78	106	3	79	107	159	32	174	34	179	36	12	90	120	145	166	177	11	89	119	38	37	35	33
144	165	176	175	160	135	4	80	108	5	81	109	136	161	7	9	10	88	118	143	164	87	117	8	6
142	163	162	137	82	110	83	111	138	85	86	116	141	115	84
140	139	112	113	114
29	28	27	52	53
75	0	1	77	54	26	104	76	25	103	51	50	67	30	68
133	105	2	78	3	79	31	107	69	24	102	132	134	106	23	101	49	131	66	48	65	73	32	55	74
155	157	159	4	80	108	5	81	33	109	56	135	70	22	100	130	154	156	158	21	99	47	129	64	72	46	63	71	34	57
153	172	174	136	6	82	110	7	83	111	35	137	58	160	60	20	98	128	152	171	173	19	97	127	45	62	44	61	59	36
151	170	179	161	138	8	84	112	9	85	113	139	37	162	39	175	41	18	96	126	150	169	178	17	95	125	43	42	40	38
149	168	177	176	163	140	10	86	114	11	87	115	141	164	13	15	16	94	124	148	167	93	123	14	12
147	166	165	142	88	116	89	117	143	91	92	122	146	121	90
145	144	118	119	120
74	73	72	71	70
66	57	69	68	55	63	65	67	60	62	64	59	61	56	58
49	51	34	36	54	31	53	30	32	44	46	48	50	52	39	41	43	45	47	38	40	42	33	35	37
23	25	27	5	7	9	29	1	3	28	0	2	4	17	19	21	22	24	26	11	13	15	16	18	20	10	12	14	6	8
99	101	103	75	81	83	85	87	77	79	104	76	78	80	82	93	95	97	98	100	102	89	91	92	94	96	86	88	90	84
127	129	131	133	105	109	111	113	115	117	107	132	134	106	108	110	112	121	123	125	126	128	130	119	120	122	124	114	116	118
150	152	154	155	157	159	135	137	139	140	142	144	156	158	136	138	145	147	149	151	153	146	148	141	143
169	171	172	174	160	162	163	165	173	161	166	168	170	167	164
178	179	175	176	177
106	107	108	135	159
105	134	76	78	158	109	77	79	110	80	136	137	160	157	174
133	75	132	104	156	28	0	2	173	111	81	29	1	3	112	82	138	4	161	139	162	175	155	172	179
131	103	27	130	102	154	26	171	52	53	30	32	178	113	83	5	54	31	33	114	84	140	6	163	176	141	164	177	153	170
129	101	25	51	128	100	24	152	50	169	67	68	55	34	167	115	85	7	69	56	35	116	86	8	142	165	143	166	168	151
127	99	23	49	66	126	98	22	48	150	65	148	73	74	57	36	146	117	87	9	70	58	37	118	88	10	144	145	147	149
125	97	21	47	64	72	124	96	20	46	63	122	71	59	38	120	119	89	11	60	39	90	12	121	123
95	19	45	62	94	18	44	61	92	40	91	13	41	14	93
17	43	16	42	15
112	113	114	140	139
111	110	82	84	138	115	83	85	116	86	141	142	163	137	162
109	81	108	80	136	4	6	8	161	117	87	5	7	9	118	88	143	10	164	144	165	176	135	160	175
107	79	3	106	78	159	2	174	32	33	35	37	179	119	89	11	34	36	38	120	90	145	12	166	177	146	167	178	158	173
105	77	1	31	134	76	0	157	30	172	55	56	58	39	170	121	91	13	57	59	40	122	92	14	147	168	148	169	171	156
133	75	29	54	69	132	104	28	53	155	68	153	74	70	60	41	151	123	93	15	71	61	42	124	94	16	149	150	152	154
131	103	27	52	67	73	130	102	26	51	66	128	72	62	43	126	125	95	17	63	44	96	18	127	129
101	25	50	65	100	24	49	64	98	45	97	19	46	20	99
23	48	22	47	21
118	119	120	145	144
117	116	88	90	143	121	89	91	122	92	146	147	166	142	165
115	87	114	86	141	10	12	14	164	123	93	11	13	15	124	94	148	16	167	149	168	177	140	163	176
113	85	9	112	84	139	8	162	37	38	40	42	175	125	95	17	39	41	43	126	96	150	18	169	178	151	170	179	138	161
111	83	7	36	110	82	6	137	35	160	58	59	61	44	173	127	97	19	60	62	45	128	98	20	152	171	153	172	174	136
109	81	5	34	57	108	80	4	33	135	56	158	70	71	63	46	156	129	99	21	72	64	47	130	100	22	154	155	157	159
107	79	3	32	55	74	106	78	2	31	69	134	73	65	48	132	131	101	23	66	49	102	24	133	105
77	1	30	68	76	0	54	67	104	50	103	25	51	26	75
29	53	28	52	27
124	125	126	150	149
123	122	94	96	148	127	95	97	128	98	151	152	169	147	168
121	93	120	92	146	16	18	20	167	129	99	17	19	21	130	100	153	22	170	154	171	178	145	166	177
119	91	15	118	90	144	14	165	42	43	45	47	176	131	101	23	44	46	48	132	102	155	24	172	179	156	173	175	143	164
117	89	13	41	116	88	12	142	40	163	61	62	64	49	161	133	103	25	63	65	50	134	104	26	157	174	158	160	162	141
115	87	11	39	60	114	86	10	38	140	59	138	71	72	66	51	136	105	75	27	73	67	52	106	76	28	159	135	137	139
113	85	9	37	58	70	112	84	8	36	57	110	74	68	53	108	107	77	29	69	54	78	0	109	111
83	7	35	56	82	6	34	55	80	30	79	1	31	2	81
5	33	4	32	3
130	131	132	155	154
129	128	100	102	153	133	101	103	134	104	156	157	172	152	171
127	99	126	98	151	22	24	26	170	105	75	23	25	27	106	76	158	28	173	159	174	179	150	169	178
125	97	21	124	96	149	20	168	47	48	50	52	177	107	77	29	49	51	53	108	78	135	0	160	175	136	161	176	148	167
123	95	19	46	122	94	18	147	45	166	64	65	67	54	164	109	79	1	66	68	30	110	80	2	137	162	138	163	165	146
121	93	17	44	63	120	92	16	43	145	62	143	72	73	69	31	141	111	81	3	74	55	32	112	82	4	139	140	142	144
119	91	15	42	61	71	118	90	14	41	60	116	70	56	33	114	113	83	5	57	34	84	6	115	117
89	13	40	59	88	12	39	58	86	35	85	7	36	8	87
11	38	10	37	9
175	176	177	178	179
173	164	161	160	162	167	163	165	170	166	168	169	171	172	174
156	158	141	143	136	138	135	137	139	146	148	140	142	144	151	153	145	147	149	150	152	154	155	157	159
132	134	106	114	116	118	108	110	112	107	109	111	113	120	122	124	115	117	119	126	128	130	121	123	125	127	129	131	133	105
102	104	76	78	84	86	88	90	80	82	77	79	81	83	85	92	94	96	87	89	91	98	100	93	95	97	99	101	103	75
24	26	28	0	2	6	8	10	12	14	4	29	1	3	5	7	9	16	18	20	11	13	15	22	17	19	21	23	25	27
48	50	52	53	30	32	33	35	37	38	40	42	54	31	34	36	43	45	47	39	41	44	46	49	51
65	67	68	55	56	58	59	61	69	57	62	64	60	63	66
73	74	70	71	72
